loss_mask,loss,mask_micro_f1,mean_lr
0.817553,0.817553,0.426714,0.000984
0.690594,0.690594,0.534465,0.000970
